id;job_name;job_description;posted_date;job_role;minimum_qualifications;responsibilities
1;Armenia Optimization;for hacking maximize;2022-01-22T22:08:17;Health ubiquitous;Drive optimizing primary;copying Beauty
2;pink applications;Plastic Down-sized ADP;2022-01-22T19:29:28;Incredible;Somoni card;Borders enterprise
3;Keyboard solution;Cambridgeshire Borders Avon;2022-01-22T10:29:03;Table;mobile Incredible;Intelligent Optimization SDR
4;content-based;violet Balboa;2022-01-22T12:24:46;orchestration Turnpike;Cotton;input Savings Togo
5;Cyprus;Rand;2022-01-22T12:55:46;microchip Producer national;RAM;B2C CSS homogeneous
6;Decentralized;Views deposit white;2022-01-22T17:40:07;Idaho up;microchip Facilitator groupware;generating Iranian recontextualize
7;up attitude bricks-and-clicks;Bermuda Market;2022-01-22T16:14:19;mission-critical;feed Account Hills;Bedfordshire
8;Loan Hill;Auto;2022-01-22T03:14:29;web-enabled non-volatile;Fresh;Enterprise-wide National
9;sky card Salad;Springs Sleek;2022-01-22T03:49:08;Chips;Computer Plastic;white deposit B2C
10;Bacon frictionless Senegal;Villages;2022-01-22T16:51:14;Islands;Direct green Dollar;Lights disintermediate 1080p
